seqIndex,prediction,distToMargin,P(-1),P(+1)
1,-1,-0.6369006317862175,0.8875835587671843,0.11241644123281574
2,-1,-0.3375549158485365,0.746675799149884,0.2533242008501161
3,-1,-0.19533664892225988,0.6463572299185661,0.3536427700814339
4,-1,-0.3484252386233778,0.7533838663721968,0.24661613362780313
5,-1,-0.22792841552165438,0.6691337701074888,0.33086622989251113
6,-1,-0.07832902406419069,0.5566061149959366,0.4433938850040635
7,-1,-0.34557367296106933,0.7516357893776527,0.24836421062234734
8,-1,-0.5846108338811918,0.86923068811091,0.1307693118890901
9,-1,-0.5566746151846456,0.858418732188191,0.141581267811809
10,-1,-0.3031453473352237,0.7246604176176832,0.2753395823823166
11,-1,-0.4834972795051243,0.8265464296811604,0.17345357031883943
12,-1,-1.0617251037356337,0.9688586987904981,0.031141301209501968
13,-1,-1.043927039477931,0.9669978177102361,0.033002182289764016
14,-1,-0.7247962437594271,0.913379296974457,0.08662070302554287
15,-1,-0.6402984995647928,0.8886947113712282,0.1113052886287717
16,-1,-0.805184787296529,0.9321517183164634,0.06784828168353671
17,-1,-0.7203644562842147,0.91221816430062,0.08778183569937996
18,-1,-0.848300792054641,0.9405955025132875,0.05940449748671252
19,-1,-0.27544440161717276,0.7060999501117265,0.2939000498882734
20,-1,-0.3814580596343346,0.7730252590516659,0.22697474094833403
21,-1,-0.6535724114316359,0.8929438105059303,0.10705618949406959
22,-1,-0.6176069896119367,0.8810891654131316,0.11891083458686844
23,-1,-0.47028186553534473,0.8202210902219896,0.1797789097780105
24,-1,-0.08099148799787736,0.5587569106890874,0.44124308931091255
25,-1,-0.13838032230408823,0.6040731767655301,0.39592682323446987
26,1,0.08421774017927783,0.4234624306513532,0.5765375693486469
27,1,0.6512108937587563,0.10198210661331576,0.8980178933866844
28,1,0.0767771423582603,0.42953797809711214,0.570462021902888
29,-1,-0.01947811449382022,0.5084923962860888,0.4915076037139114
30,1,0.18744552578705875,0.34363402903090784,0.6563659709690919
31,1,0.34535503173756765,0.23740429371128927,0.7625957062887108
32,1,0.3434580213882776,0.23853705775345127,0.7614629422465485
33,1,0.4054099137546535,0.20346327657763857,0.7965367234223614
34,1,0.09738103941839554,0.41271338568523724,0.5872866143147628
35,1,0.24111707189622522,0.304955852857048,0.6950441471429519
36,1,0.5486877865430033,0.13736349499795072,0.8626365050020495
37,-1,-0.6079675436595479,0.8777244292269061,0.12227557077309388
38,-1,-0.315978205082355,0.7330081733738231,0.2669918266261768
39,-1,-0.4446186635762904,0.8074263024208616,0.1925736975791387
40,-1,-0.4278934417758777,0.7987210482702555,0.20127895172974472
41,-1,-0.23114520766414226,0.6713253565298715,0.3286746434701284
42,-1,-0.2925203055113173,0.717627682145529,0.2823723178544708
43,-1,-0.15655927231784927,0.6178990316864625,0.3821009683135376
44,-1,-0.41138002425752274,0.7898405099955399,0.21015949000446021
45,-1,-0.6627178086169822,0.8957876836510322,0.10421231634896802
46,-1,-0.561713432862425,0.8604225588673775,0.13957744113262227
47,-1,-0.3418533800935385,0.7493427210762306,0.25065727892376966
48,-1,-1.0550063695225087,0.9681686540497434,0.03183134595025657
49,-1,-0.8620655019441988,0.9405941771337102,0.05940582286628985
50,-1,-0.8684665710844437,0.9417971034340553,0.05820289656594469
51,-1,-0.6976398869376532,0.9060408009207263,0.09395919907927358
52,-1,-0.7433809968240755,0.9180984335990294,0.0819015664009704
53,-1,-0.7594566382064001,0.9219903002650098,0.07800969973499017
54,-1,-0.7822788268706539,0.9272249934131148,0.0727750065868853
55,-1,-0.2748023482323566,0.7056611814953915,0.29433881850460875
56,-1,-0.690001142943323,0.9038783129110517,0.09612168708894843
57,-1,-0.6689272478967534,0.8976803480323797,0.1023196519676201
58,-1,-0.7771319351819289,0.9260734843582856,0.07392651564171439
59,-1,-0.26558575366827586,0.6993209009643093,0.3006790990356905
60,1,0.1697910438856126,0.35314292716871465,0.6468570728312855
61,-1,-0.11759531667545114,0.5879250278308952,0.4120749721691049
62,1,0.313069127914575,0.25718294379175827,0.7428170562082419
63,1,0.5647975616410359,0.1311863974405809,0.8688136025594192
64,1,0.02693841031192952,0.4703252186482639,0.5296747813517362
65,1,0.25444204377180624,0.29573940791047426,0.7042605920895257
66,1,0.37890176305623036,0.21798474270882848,0.7820152572911716
67,1,0.16445131081087597,0.357582226776361,0.6424177732236389
68,1,0.18017534623759934,0.349051601890749,0.6509483981092509
69,1,0.3040387373345272,0.2629032327921779,0.7370967672078219
70,1,0.24363534171287093,0.3032017203629745,0.6967982796370255
71,1,0.40759353550287986,0.20229951937417462,0.7977004806258254
72,-1,-0.5868391749574873,0.8700621779200596,0.12993782207994056
73,-1,-0.563433194196123,0.8611010113702499,0.13889898862974995
74,-1,-0.6770463201171314,0.9001090904792004,0.09989090952079979
75,-1,-0.4267483329191867,0.7981143999750402,0.2018856000249596
76,-1,-0.45298597537864377,0.8116725475988112,0.1883274524011887
77,-1,-0.0892773384195626,0.5654282068292211,0.43457179317077893
78,-1,-0.3462966878243101,0.7520797985597991,0.24792020144020072
79,-1,-0.513437587825966,0.8402243300789882,0.15977566992101205
80,-1,-0.904055960448758,0.9480748835601551,0.05192511643984473
81,-1,-0.42443738398725084,0.7968859636658135,0.20311403633418626
82,-1,-0.3732011573875335,0.7682212466262707,0.23177875337372936
83,-1,-0.8707109945374859,0.9422134081959609,0.057786591804039195
84,-1,-0.9952292092363021,0.9613314043607608,0.03866859563923919
85,-1,-0.9124226824725246,0.9494540347711559,0.0505459652288442
86,-1,-0.6478413860747171,0.8911270496271748,0.10887295037282525
87,-1,-0.7863867999042936,0.9281321814285078,0.0718678185714924
88,-1,-0.7079277379573067,0.9088842859626971,0.09111571403730304
89,-1,-0.7708099549458406,0.9246361379395976,0.07536386206040217
90,-1,-0.5782954813196366,0.8668495758503286,0.13315042414967138
91,-1,-0.7049439286441661,0.9080676508068138,0.09193234919318616
92,-1,-0.7346164635282114,0.9159027947571813,0.08409720524281875
93,-1,-0.55778463224901,0.8588622144796912,0.14113778552030867
94,-1,-0.018440463133999774,0.5076387438990718,0.49236125610092807
95,-1,-0.07439853769219579,0.5534251293594515,0.4465748706405483
96,1,0.12045738782692841,0.3938412865281512,0.6061587134718488
97,1,0.2392251053879697,0.30627746371048103,0.6937225362895189
98,1,0.5060332922101707,0.15490660316175142,0.8450933968382486
99,1,0.29212060327829525,0.2705766140012344,0.7294233859987653
100,1,0.4448159412904891,0.18321905615452966,0.8167809438454703
101,1,0.2872133469513254,0.27377665692012504,0.726223343079875
102,1,0.18481213422499537,0.3455917647289059,0.654408235271094
103,1,0.33032355644360495,0.24648099267545565,0.7535190073245444
104,1,0.44111840664420016,0.18505067057573274,0.8149493294242671
105,1,0.39597086004835813,0.20855061594773644,0.7914493840522635
106,-1,-0.8386907249624599,0.9388031738705525,0.06119682612944767
107,-1,-0.7849692716353229,0.9278203253337473,0.07217967466625264
108,-1,-0.5076347577463125,0.8376434165123917,0.1623565834876082
109,-1,-0.6398226306458711,0.8885396757912017,0.11146032420879833
110,-1,-0.2436166813974737,0.6838998304874072,0.31610016951259273
111,-1,-0.2702888505653164,0.7025659899438832,0.29743401005611675
112,-1,-0.3864305836411532,0.7758842316204045,0.22411576837959532
113,-1,-0.738265543034373,0.9168233625778053,0.08317663742219474
114,-1,-0.7701050109211631,0.9244742825233647,0.07552571747663535
115,-1,-0.45712933356091706,0.8137484476410646,0.18625155235893517
116,-1,-0.2184565817997408,0.6626222184373757,0.33737778156262427
117,-1,-0.9920125513223992,0.9609253598832176,0.03907464011678235
118,-1,-1.031791940531401,0.9656669103569535,0.03433308964304641
119,-1,-0.8523000392943173,0.9387137165295648,0.0612862834704351
120,-1,-0.6985114393318335,0.9062847424550858,0.09371525754491401
121,-1,-0.7424410278570526,0.9178654809692373,0.08213451903076287
122,-1,-0.7109067358945478,0.9096930872824073,0.09030691271759261
123,-1,-1.0508432635203526,0.9677335697936184,0.03226643020638158
124,-1,-0.6000695452827278,0.874906779038184,0.12509322096181602
125,-1,-0.7733451156963927,0.9252155818996814,0.07478441810031862
126,-1,-0.5182656230819703,0.8423462795272117,0.15765372047278833
127,-1,-0.2985142283759213,0.7216084510049376,0.27839154899506197
128,-1,-0.2615920978038449,0.6965495394670106,0.30345046053298946
129,1,0.15675840277194314,0.36396112733043784,0.6360388726695622
130,1,0.059108991203488184,0.44397363071227247,0.5560263692877274
131,1,0.18827985865910363,0.34301486609810744,0.6569851339018924
132,1,0.7603615978651,0.0734642274029629,0.9265357725970371
133,1,0.4807768976850285,0.1661313138012388,0.8338686861987613
134,1,0.35911651808208306,0.22929757834552375,0.7707024216544762
135,1,0.2967177155454414,0.2676002116862803,0.7323997883137199
136,1,0.34031716888619273,0.24042066345286858,0.7595793365471314
137,1,0.4503492213918781,0.18050421916510845,0.8194957808348916
138,1,0.5877931507597993,0.12278072487220396,0.877219275127796
139,-1,-1.0523141721136418,0.9678879568680887,0.03211204313191134
140,-1,-0.6232037001547127,0.8830057799992055,0.11699422000079446
141,-1,-0.7236320299956721,0.9130756251278722,0.08692437487212766
142,-1,-0.41951782781922753,0.7942523422117993,0.20574765778820045
143,-1,-0.11590874819044439,0.5866001257067784,0.4133998742932217
144,-1,-0.31352261412613924,0.7314233234365152,0.26857667656348483
145,-1,-0.6057583317511457,0.876941830750833,0.12305816924916707
146,-1,-0.6065795041740134,0.8772332271380874,0.12276677286191273
147,-1,-0.8022455232753436,0.9315372623938862,0.06846273760611364
148,-1,-0.2955458411464283,0.7196413556616602,0.28035864433833957
149,-1,-1.0350575870327299,0.9660301547237935,0.033969845276206466
150,-1,-1.027830144465347,0.9652211212636906,0.03477887873630934
151,-1,-0.9702206920674973,0.9580631952269003,0.041936804773099565
152,-1,-0.8911940594481149,0.9458843988825895,0.054115601117410345
153,-1,-0.6656081660556387,0.8966724963911429,0.10332750360885729
154,-1,-0.7473616635582485,0.9190783052744664,0.08092169472553333
155,-1,-0.9813642524201123,0.9595513696880755,0.04044863031192442
156,-1,-1.06376324770408,0.9690651036366574,0.030934896363342568
157,-1,-0.6784748824570572,0.9005310923339658,0.09946890766603422
158,-1,-0.5560183533615095,0.8581559906025359,0.141844009397464
159,-1,-0.2625643886512535,0.6972255791361834,0.30277442086381623
160,-1,-0.29489665604277365,0.7192100237218929,0.2807899762781073
161,-1,-0.036048428681920285,0.5221127954428483,0.47788720455715167
162,1,0.09149786123153761,0.41751806963264515,0.5824819303673547
163,1,0.016608224805987795,0.47880863612230984,0.5211913638776899
164,1,0.4457930805349105,0.18273735827329668,0.8172626417267033
165,1,0.9439843703645605,0.04155289534805679,0.9584471046519433
166,1,0.39897108359709926,0.20692358723184728,0.7930764127681525
167,1,0.35345655385466135,0.2326082010797932,0.7673917989202068
168,1,0.3987881833540125,0.2070225075146502,0.7929774924853495
169,1,0.4494931943219403,0.18092217248164888,0.819077827518351
170,1,0.5867877008448023,0.12313830855987508,0.8768616914401248
